State,% Free and<br/>Reduced Lunch**AL,55.1AK,38.4AZ,45.2AR,60.5CA,54.1CO,39.9CT,34.5DE,48DC,73FL,56GA,57.4HI,46.8ID,45IL,46.7IN,46.8IA,38.9KS,47.7KY,56.6LA,66.2ME,43MD,40.1MA,34.2MI,46.4MN,36.5MS,70.6MO,45MT,41.2NE,42.6NV,50.3NH,25.2NJ,32.8NM,67.6NY,48.3NC,50.3ND,31.7OH,42.6OK,60.5OR,50.6PA,39.4RI,42.9SC,54.7SD,37.1TN,55TX,50.3UT,38.2VT,36.8VA,36.7WA,40.1WV,51.5WI,39.3WY,37.1